Stage,Success Criteria,Current Status,Blocking Issues,Owner,Priority,Estimated Effort
Stage 0,Data preprocessing pipeline functional,✅ Working,None,ML,Low,0 days
Stage 1,Graph DiT model training with uncertainty quantification,✅ Working,None,ML,Low,0 days
Stage 2,Active learning and property validation,✅ Working,None,ML,Low,0 days
Stage 3,Physics-ML integration with RL optimization,✅ Working,None,ML,Low,0 days
Stage 4,Molecular dynamics validation and wet-lab sync,✅ Working,None,ML,Low,0 days
Manuscript,Complete LaTeX content with all sections,❌ Incomplete,All TODO placeholders,Docs,Critical,2-3 days
Code Quality,Clean codebase with 0 violations,⚠️ Partial,35 ruff violations + 39 mypy errors,ML,Critical,1-2 days
CI/CD,Automated testing with pinned images,⚠️ Partial,Images not pinned to SHA256 digests,DevOps,High,1 day
Security,Vulnerability scanning completed,❌ Missing,No Trivy/pip-audit scans run,DevOps,Medium,1 day
Reproducibility,End-to-end pipeline validation,❌ Missing,No clean environment test,ML,High,1-2 days
Documentation,Comprehensive guides and troubleshooting,⚠️ Partial,Missing troubleshooting and architecture docs,Docs,Low,1-2 days
Testing,100% test pass rate with no warnings,⚠️ Partial,10 test warnings (tensor mismatches),ML,Medium,1 day
Figures,Reproducible figures with verified hashes,⚠️ Partial,No hash verification or rebuild test,Docs,Medium,1 day
Data Consistency,Manuscript numbers match CSV outputs,❌ Missing,No cross-check performed,Docs,High,1 day
Performance,Benchmarks and resource monitoring,❌ Missing,No performance testing,ML,Low,1 day
Git Hygiene,Clean repository with no large files,✅ Good,1 untracked file (PROJECT_SUMMARY.md),DevOps,Low,5 minutes
Environment,Locked dependencies with exact versions,✅ Good,requirements-lock.txt exists,ML,Low,0 days
API Documentation,Comprehensive docstrings and type hints,⚠️ Partial,Missing type annotations in several files,ML,Medium,1 day
Error Handling,Robust error handling throughout pipeline,⚠️ Partial,Basic error handling in place,ML,Low,1 day
Monitoring,Comprehensive logging and metrics,✅ Good,WandB integration working,ML,Low,0 days 